utt_id,text,duration_sec,gt_accuracy_0_10,gt_completeness_0_10,gt_fluency_0_10,gt_prosodic_0_10,gt_total_0_10,pred_overall_0_5,pred_utt_total_0_5,pred_utt_accuracy_0_5,pred_utt_completeness_0_5,pred_utt_fluency_0_5,pred_utt_prosodic_0_5,pred_word_total_mean_0_5,raw_utt_total,raw_utt_accuracy,raw_utt_completeness,raw_utt_fluency,raw_utt_prosodic,raw_word_total_mean,error
test_0,MARK IS GOING TO SEE ELEPHANT,3.36,9.0,10.0,9.0,9.0,9.0,4.105263157894737,3.94849280624374,4.247314831911044,3.6631428311581953,2.710990048385702,4.237314657377618,3.8775259986832773,1.6913725137710571,1.8454171419143677,2.036424398422241,1.7944501638412476,1.7262474298477173,2.04240083694458,
test_1,KATE LOVES CHINA,2.943,7.0,10.0,9.0,9.0,7.0,3.8045454545454547,3.820592225016049,4.165838567065042,3.6631428311581953,2.5736737174458626,4.176880208118206,3.8775259986832773,1.610039472579956,1.7916107177734375,2.0505869388580322,1.6750417947769165,1.6425901651382446,2.029784917831421,
test_2,TWO SIX FOUR EIGHT,2.83,9.0,10.0,9.0,9.0,9.0,4.098360655737705,3.9418468250842698,4.24960117332835,3.6631428311581953,2.6822973445185965,4.281663012470513,3.8775259986832773,1.6835061311721802,1.8469942808151245,2.0368270874023438,1.768605351448059,1.731987714767456,2.0430102348327637,
